manager,ThetaAvg,Theta99,Theta999,PsiAvg,Psi99,Psi999
RSM,0.071724,2.0,4.0,0.097516,3.0,6.0
SSM,0.096686,3.0,5.0,0.09116,3.0,6.0
