manager,ThetaAvg,Theta99,Theta999,PsiAvg,Psi99,Psi999
RSM,0.054406,2.0,4.0,0.106116,3.0,6.0
SSM,0.076036,2.0,5.0,0.098499,3.0,6.0
