manager,ThetaAvg,Theta99,Theta999,PsiAvg,Psi99,Psi999
RSM,0.069705,2.0,5.0,0.098839,3.0,6.0
SSM,0.084844,3.0,5.0,0.096138,3.0,6.0
