manager,ThetaAvg,Theta99,Theta999,PsiAvg,Psi99,Psi999
RSM,0.098915,3.0,5.0,0.087786,3.0,6.0
SSM,0.127491,3.0,6.0,0.083311,3.0,6.0
