Q,PPS,CRA,MAF
5,13.092553,15.718641,14.745041
6,9.802283,12.480456,12.397196
7,7.205799,9.61192,10.021358
8,5.334473,7.902634,7.789418
9,4.753328,6.4755,6.207311
10,3.852242,5.133127,5.072067
11,3.424158,4.313696,4.193052
12,3.124471,3.648337,3.684012
13,2.838906,3.407303,3.223073
14,2.567525,2.979113,2.916219
15,2.397677,2.712986,2.595578
16,2.2285,2.345006,2.341173
17,2.065312,2.244024,2.188217
18,1.949306,2.145752,2.031866
19,1.807137,1.949363,1.885491
20,1.700447,1.720666,1.721565
