abs_rate,PPS,PPS-cluster,PPS-nodes,RR,random
1.0,0.076536,0.088154,0.071226,0.104602,0.783661
2.0,0.149642,0.175142,0.140369,0.200534,1.260414
3.0,0.231074,0.260467,0.210306,0.291967,1.584524
4.0,0.306792,0.3522,0.272666,0.380964,1.77869
5.0,0.386442,0.437112,0.33732,0.456418,1.92921
